file,name,location,email,phone,Links,skills,education,experience
EPS-Civil-Engineering.pdf,DK,Bricksburg,ebrickowski@lcu.edu,123 456 - 7890  ,linkedin.com/emmetbrickowsk1,"solidworks, english, networking, autocad, milling","LEGO City University LEGO City, DK, Bachelor of Science in Civil Engineering  GPA 3.8/4.0 Expected Graduation June 2024, Model Bridge, Principles of Computer Aided Design, LEGO City University April 2021 - June 2021, Club President, LEGO City University Civil Engineers Chapter, LEGO City, DK September 2022 - Present","OBJECTIVE Fourth-year Civil Engineering student seeking a job as a Project Engineer at Bricksburg Construction, Bachelor of Science in Civil Engineering  GPA 3.8/4.0 Expected Graduation June 2024, Civil Engineer Intern, Bricksburg Construction, Bricksburg, DK June 2022 - September 2022, e Created pre-construction civil engineering design plans using multiple technical software programs, Club President, LEGO City University Civil Engineers Chapter, LEGO City, DK September 2022 - Present"
EPSExamples.pdf,no name found,no location found,no email found,no phone number found,no URL found,"python, excel","Process Engineering Intern June 2021 - September 2021, e Managed semiconductor processes, e Managed upstream strategies of semiconductor processes by coordinating wafer to deposition","Undergraduate Researcher — Shah Lab September 2019 — Present, Undergraduate Researcher September 2019 — Present"
Example-1-PDF.pdf,Michelle Smith,Los Angeles,email@email.com,541 754-3010 ,"resumeviking.com/templates, xeOrlukd.com/24QSBG/9B9DM/?uid=17","english, strategic planning, spanish, networking, talent development, sales growth","Bachelor Degree in Advertising and Marketing, University of Denver, Denver, Advanced Diploma in Global Customer Relationship Management, Business College of New York, Brooklyn, Certified Key Accounts Manager CKAM, Udemy, Online, Udemy, Online, Certificate in Project Management, Certified Institute of Project Managers","Sep 2022 - Apr 2025 m Global Key Account Manager, Manage a national team of five Account Managers and twenty, Dec 2018 - Aug 2022 m Regional Account Manager, Feb 2015 - Nov 2017 m Account Manager at Presidion Petroleum, San Antonio, TX"
resume-example-12.pdf,Edmond Connor,Orlando,example@email.com,"890-555-0401

",no URL found,"cleaning, dog training, cat grooming, dog grooming","GED, Nashville High, Nashville, TN","PET GROOMER, Professional and personable Pet Groomer, specializing in cat and dog care, with over 5 years of, Pet Groomer, PetSmart, Nashville, TN, grooming and training. As a Pet Groomer, my responsibilities include, Pet Groomer, Patty's Pet Salon, Nasheville, TN, Patty's Pet Salon is a boutique pet grooming spa. As a Pet Groomer, my responsibilities included, Pet Groomer, Petco, Nasheville, TN, Petco is an American pet retailer that specializes in pet products and services. As a Pet Groomer,"
Resume-Template-Modern.pdf,Templates Build,Los Angeles,email@email.com,"3868683442

",no URL found,"french, english, visual design","e Managed and coordinated 160  events per year, accomplishing punctual and under-budget execution, A in Hotel  Event Management, University of New York, Brooklyn, Business Management, Hospitality  Tourism Certificate, Udemy Online, Diploma in Wedding Coordination  Planning, Events and Entertainment Association of Orange Country","Practical Event Coordinator with 5  years experience in organizing large-scale events from design through to, Event Coordinator, Bright Event Rentals, Florida, Event Coordinator, Classic Party Rentals, Biloxi"
resume.pdf,John Huber,New York,email@email.com,890-555-0401,no URL found,"css, ux, javascript","Masters Degree in Human Computer Interaction HCI, Pratt, Institute, Bachelor's Degree in Interaction Design, Pratt Institute New York, Mastered web and mobile technologies HTMLS, CSS, Javascript","John Huber, UX Designer, Proactive and detailed UX Designer with 7  years of proven end-to-end experience delivering enjoyable web and, UX Designer, Real Vision Group New York, UX Designer, SP Global New York, make financial decisions with confidence. As the UX Designer, my core activities included, Junior UX Designer, Status New York, Status is an open source discovery tool for the Ethereum blockchain. As the Junior UX Designer, my core, Illustrating case studies, personas, and user flow maps for Android and iOS alongside senior UX designer,, Illustrating case studies, personas, and user flow maps for Android and iOS alongside senior UX designer,"
Stockholm-Resum.pdf,Jason Miller,Warehouse Sanitation,email@email.com,"3868683442
",no URL found,"cleaning, english, spanish, mathematics","on packing records. Completed a certificate in Warehouse Sanitation and, Atlanta Technical College, Atlanta, Online Graduate Certificate in Warehousing  Supply Chain, Management, Southern New Hampshire University SNHU, NH., /nWarehousing, Operations, and Disposal Course, Graduate School, Managed workflow of associates for the FC.","Laboratory Inventory Assistant at Dunrea Laboratories, Orlando, Full-time lab assistant in a small, regional laboratory tasked with -"
